Album,Tracks,Cost,PctCost
+,12,9.99,0.18866855524079
X,16,10.99,0.20755429650614
Anything Goes,12,10.99,0.20755429650614
Tangled Up,13,10.49,0.19811142587347
It Goes Like This,12,10.49,0.19811142587347
